KPI_ID,KPI_NAME,CATEGORY,SUBCATEGORY,MINING_METHOD,COMMODITY,REGION,FORMULA,UNIT,ESG_DIMENSION,SDG_LINK,R_FUNCTION,DESCRIPTION,SOURCE,BENCHMARK_GLOBAL,BENCHMARK_INDIA,DATA_SOURCE,FREQUENCY
KPI_A_001,Overall Mining Equipment Effectiveness,Asset,Equipment,Both,All,Global,A × U × S × B,%,E|S,8|9|13,calc_omee,Mining specific equipment efficiency KPI,ICMM/TPM,80,55,Fleet Monitoring Systems,Daily
KPI_A_002,Equipment Availability,Asset,Equipment,Both,All,Global,Operating Time / Planned Time,%,E,9|12,calc_availability,Measures equipment uptime,ICMM,90,75,Maintenance Logs,Daily
KPI_P_001,Production Plan Attainment,Production,Operations,Both,All,Global,Actual Production / Planned Production,%,G,9,calc_plan_attainment,Measures production adherence to plan,Mining Ops Research,95,85,Mine ERP,Daily
KPI_OB_001,Stripping Ratio,Overburden,Waste,OpenPit,Coal,Global,Overburden Volume / Coal Production,m3/t,E,12|13,calc_stripping_ratio,Measures waste removal intensity,Mining Engineering,4,3,Mine Dispatch System,Daily
KPI_W_001,Water Intensity,Water,Consumption,Both,All,Global,Total Water Use / Production,m3/t,E,6,calc_water_intensity,Measures water consumption per tonne,GRI Water Standard,1.2,1.8,Water Monitoring,Monthly
KPI_A_003,Asset Metric 3,Asset,Equipment,Both,All,Global,NA,NA,NA,NA,NA,Generated KPI for Asset,MiningAnalytics Framework,NA,NA,NA,NA
KPI_A_004,Asset Metric 4,Asset,Equipment,Both,All,Global,NA,NA,NA,NA,NA,Generated KPI for Asset,MiningAnalytics Framework,NA,NA,NA,NA
KPI_A_005,Asset Metric 5,Asset,Equipment,Both,All,Global,NA,NA,NA,NA,NA,Generated KPI for Asset,MiningAnalytics Framework,NA,NA,NA,NA
KPI_A_006,Asset Metric 6,Asset,Equipment,Both,All,Global,NA,NA,NA,NA,NA,Generated KPI for Asset,MiningAnalytics Framework,NA,NA,NA,NA
KPI_A_007,Asset Metric 7,Asset,Equipment,Both,All,Global,NA,NA,NA,NA,NA,Generated KPI for Asset,MiningAnalytics Framework,NA,NA,NA,NA
KPI_A_008,Asset Metric 8,Asset,Equipment,Both,All,Global,NA,NA,NA,NA,NA,Generated KPI for Asset,MiningAnalytics Framework,NA,NA,NA,NA
KPI_A_009,Asset Metric 9,Asset,Equipment,Both,All,Global,NA,NA,NA,NA,NA,Generated KPI for Asset,MiningAnalytics Framework,NA,NA,NA,NA
KPI_A_010,Asset Metric 10,Asset,Equipment,Both,All,Global,NA,NA,NA,NA,NA,Generated KPI for Asset,MiningAnalytics Framework,NA,NA,NA,NA
KPI_A_011,Asset Metric 11,Asset,Equipment,Both,All,Global,NA,NA,NA,NA,NA,Generated KPI for Asset,MiningAnalytics Framework,NA,NA,NA,NA
KPI_A_012,Asset Metric 12,Asset,Equipment,Both,All,Global,NA,NA,NA,NA,NA,Generated KPI for Asset,MiningAnalytics Framework,NA,NA,NA,NA
KPI_A_013,Asset Metric 13,Asset,Equipment,Both,All,Global,NA,NA,NA,NA,NA,Generated KPI for Asset,MiningAnalytics Framework,NA,NA,NA,NA
KPI_A_014,Asset Metric 14,Asset,Equipment,Both,All,Global,NA,NA,NA,NA,NA,Generated KPI for Asset,MiningAnalytics Framework,NA,NA,NA,NA
KPI_A_015,Asset Metric 15,Asset,Equipment,Both,All,Global,NA,NA,NA,NA,NA,Generated KPI for Asset,MiningAnalytics Framework,NA,NA,NA,NA
KPI_A_016,Asset Metric 16,Asset,Equipment,Both,All,Global,NA,NA,NA,NA,NA,Generated KPI for Asset,MiningAnalytics Framework,NA,NA,NA,NA
KPI_A_017,Asset Metric 17,Asset,Equipment,Both,All,Global,NA,NA,NA,NA,NA,Generated KPI for Asset,MiningAnalytics Framework,NA,NA,NA,NA
KPI_A_018,Asset Metric 18,Asset,Equipment,Both,All,Global,NA,NA,NA,NA,NA,Generated KPI for Asset,MiningAnalytics Framework,NA,NA,NA,NA
KPI_A_019,Asset Metric 19,Asset,Equipment,Both,All,Global,NA,NA,NA,NA,NA,Generated KPI for Asset,MiningAnalytics Framework,NA,NA,NA,NA
KPI_A_020,Asset Metric 20,Asset,Equipment,Both,All,Global,NA,NA,NA,NA,NA,Generated KPI for Asset,MiningAnalytics Framework,NA,NA,NA,NA
KPI_A_021,Asset Metric 21,Asset,Equipment,Both,All,Global,NA,NA,NA,NA,NA,Generated KPI for Asset,MiningAnalytics Framework,NA,NA,NA,NA
KPI_A_022,Asset Metric 22,Asset,Equipment,Both,All,Global,NA,NA,NA,NA,NA,Generated KPI for Asset,MiningAnalytics Framework,NA,NA,NA,NA
KPI_A_023,Asset Metric 23,Asset,Equipment,Both,All,Global,NA,NA,NA,NA,NA,Generated KPI for Asset,MiningAnalytics Framework,NA,NA,NA,NA
KPI_A_024,Asset Metric 24,Asset,Equipment,Both,All,Global,NA,NA,NA,NA,NA,Generated KPI for Asset,MiningAnalytics Framework,NA,NA,NA,NA
KPI_A_025,Asset Metric 25,Asset,Equipment,Both,All,Global,NA,NA,NA,NA,NA,Generated KPI for Asset,MiningAnalytics Framework,NA,NA,NA,NA
KPI_A_026,Asset Metric 26,Asset,Equipment,Both,All,Global,NA,NA,NA,NA,NA,Generated KPI for Asset,MiningAnalytics Framework,NA,NA,NA,NA
KPI_A_027,Asset Metric 27,Asset,Equipment,Both,All,Global,NA,NA,NA,NA,NA,Generated KPI for Asset,MiningAnalytics Framework,NA,NA,NA,NA
KPI_A_028,Asset Metric 28,Asset,Equipment,Both,All,Global,NA,NA,NA,NA,NA,Generated KPI for Asset,MiningAnalytics Framework,NA,NA,NA,NA
KPI_A_029,Asset Metric 29,Asset,Equipment,Both,All,Global,NA,NA,NA,NA,NA,Generated KPI for Asset,MiningAnalytics Framework,NA,NA,NA,NA
KPI_A_030,Asset Metric 30,Asset,Equipment,Both,All,Global,NA,NA,NA,NA,NA,Generated KPI for Asset,MiningAnalytics Framework,NA,NA,NA,NA
KPI_A_031,Asset Metric 31,Asset,Equipment,Both,All,Global,NA,NA,NA,NA,NA,Generated KPI for Asset,MiningAnalytics Framework,NA,NA,NA,NA
KPI_A_032,Asset Metric 32,Asset,Equipment,Both,All,Global,NA,NA,NA,NA,NA,Generated KPI for Asset,MiningAnalytics Framework,NA,NA,NA,NA
KPI_A_033,Asset Metric 33,Asset,Equipment,Both,All,Global,NA,NA,NA,NA,NA,Generated KPI for Asset,MiningAnalytics Framework,NA,NA,NA,NA
KPI_A_034,Asset Metric 34,Asset,Equipment,Both,All,Global,NA,NA,NA,NA,NA,Generated KPI for Asset,MiningAnalytics Framework,NA,NA,NA,NA
KPI_A_035,Asset Metric 35,Asset,Equipment,Both,All,Global,NA,NA,NA,NA,NA,Generated KPI for Asset,MiningAnalytics Framework,NA,NA,NA,NA
KPI_P_002,Production Metric 2,Production,Operations,Both,All,Global,NA,NA,NA,NA,NA,Generated KPI for Production,MiningAnalytics Framework,NA,NA,NA,NA
KPI_P_003,Production Metric 3,Production,Operations,Both,All,Global,NA,NA,NA,NA,NA,Generated KPI for Production,MiningAnalytics Framework,NA,NA,NA,NA
KPI_P_004,Production Metric 4,Production,Operations,Both,All,Global,NA,NA,NA,NA,NA,Generated KPI for Production,MiningAnalytics Framework,NA,NA,NA,NA
KPI_P_005,Production Metric 5,Production,Operations,Both,All,Global,NA,NA,NA,NA,NA,Generated KPI for Production,MiningAnalytics Framework,NA,NA,NA,NA
KPI_P_006,Production Metric 6,Production,Operations,Both,All,Global,NA,NA,NA,NA,NA,Generated KPI for Production,MiningAnalytics Framework,NA,NA,NA,NA
KPI_P_007,Production Metric 7,Production,Operations,Both,All,Global,NA,NA,NA,NA,NA,Generated KPI for Production,MiningAnalytics Framework,NA,NA,NA,NA
KPI_P_008,Production Metric 8,Production,Operations,Both,All,Global,NA,NA,NA,NA,NA,Generated KPI for Production,MiningAnalytics Framework,NA,NA,NA,NA
KPI_P_009,Production Metric 9,Production,Operations,Both,All,Global,NA,NA,NA,NA,NA,Generated KPI for Production,MiningAnalytics Framework,NA,NA,NA,NA
KPI_P_010,Production Metric 10,Production,Operations,Both,All,Global,NA,NA,NA,NA,NA,Generated KPI for Production,MiningAnalytics Framework,NA,NA,NA,NA
KPI_P_011,Production Metric 11,Production,Operations,Both,All,Global,NA,NA,NA,NA,NA,Generated KPI for Production,MiningAnalytics Framework,NA,NA,NA,NA
KPI_P_012,Production Metric 12,Production,Operations,Both,All,Global,NA,NA,NA,NA,NA,Generated KPI for Production,MiningAnalytics Framework,NA,NA,NA,NA
KPI_P_013,Production Metric 13,Production,Operations,Both,All,Global,NA,NA,NA,NA,NA,Generated KPI for Production,MiningAnalytics Framework,NA,NA,NA,NA
KPI_P_014,Production Metric 14,Production,Operations,Both,All,Global,NA,NA,NA,NA,NA,Generated KPI for Production,MiningAnalytics Framework,NA,NA,NA,NA
KPI_P_015,Production Metric 15,Production,Operations,Both,All,Global,NA,NA,NA,NA,NA,Generated KPI for Production,MiningAnalytics Framework,NA,NA,NA,NA
KPI_P_016,Production Metric 16,Production,Operations,Both,All,Global,NA,NA,NA,NA,NA,Generated KPI for Production,MiningAnalytics Framework,NA,NA,NA,NA
KPI_P_017,Production Metric 17,Production,Operations,Both,All,Global,NA,NA,NA,NA,NA,Generated KPI for Production,MiningAnalytics Framework,NA,NA,NA,NA
KPI_P_018,Production Metric 18,Production,Operations,Both,All,Global,NA,NA,NA,NA,NA,Generated KPI for Production,MiningAnalytics Framework,NA,NA,NA,NA
KPI_P_019,Production Metric 19,Production,Operations,Both,All,Global,NA,NA,NA,NA,NA,Generated KPI for Production,MiningAnalytics Framework,NA,NA,NA,NA
KPI_P_020,Production Metric 20,Production,Operations,Both,All,Global,NA,NA,NA,NA,NA,Generated KPI for Production,MiningAnalytics Framework,NA,NA,NA,NA
KPI_P_021,Production Metric 21,Production,Operations,Both,All,Global,NA,NA,NA,NA,NA,Generated KPI for Production,MiningAnalytics Framework,NA,NA,NA,NA
KPI_P_022,Production Metric 22,Production,Operations,Both,All,Global,NA,NA,NA,NA,NA,Generated KPI for Production,MiningAnalytics Framework,NA,NA,NA,NA
KPI_P_023,Production Metric 23,Production,Operations,Both,All,Global,NA,NA,NA,NA,NA,Generated KPI for Production,MiningAnalytics Framework,NA,NA,NA,NA
KPI_P_024,Production Metric 24,Production,Operations,Both,All,Global,NA,NA,NA,NA,NA,Generated KPI for Production,MiningAnalytics Framework,NA,NA,NA,NA
KPI_P_025,Production Metric 25,Production,Operations,Both,All,Global,NA,NA,NA,NA,NA,Generated KPI for Production,MiningAnalytics Framework,NA,NA,NA,NA
KPI_P_026,Production Metric 26,Production,Operations,Both,All,Global,NA,NA,NA,NA,NA,Generated KPI for Production,MiningAnalytics Framework,NA,NA,NA,NA
KPI_P_027,Production Metric 27,Production,Operations,Both,All,Global,NA,NA,NA,NA,NA,Generated KPI for Production,MiningAnalytics Framework,NA,NA,NA,NA
KPI_P_028,Production Metric 28,Production,Operations,Both,All,Global,NA,NA,NA,NA,NA,Generated KPI for Production,MiningAnalytics Framework,NA,NA,NA,NA
KPI_P_029,Production Metric 29,Production,Operations,Both,All,Global,NA,NA,NA,NA,NA,Generated KPI for Production,MiningAnalytics Framework,NA,NA,NA,NA
KPI_P_030,Production Metric 30,Production,Operations,Both,All,Global,NA,NA,NA,NA,NA,Generated KPI for Production,MiningAnalytics Framework,NA,NA,NA,NA
KPI_P_031,Production Metric 31,Production,Operations,Both,All,Global,NA,NA,NA,NA,NA,Generated KPI for Production,MiningAnalytics Framework,NA,NA,NA,NA
KPI_P_032,Production Metric 32,Production,Operations,Both,All,Global,NA,NA,NA,NA,NA,Generated KPI for Production,MiningAnalytics Framework,NA,NA,NA,NA
KPI_P_033,Production Metric 33,Production,Operations,Both,All,Global,NA,NA,NA,NA,NA,Generated KPI for Production,MiningAnalytics Framework,NA,NA,NA,NA
KPI_P_034,Production Metric 34,Production,Operations,Both,All,Global,NA,NA,NA,NA,NA,Generated KPI for Production,MiningAnalytics Framework,NA,NA,NA,NA
KPI_P_035,Production Metric 35,Production,Operations,Both,All,Global,NA,NA,NA,NA,NA,Generated KPI for Production,MiningAnalytics Framework,NA,NA,NA,NA
KPI_P_036,Production Metric 36,Production,Operations,Both,All,Global,NA,NA,NA,NA,NA,Generated KPI for Production,MiningAnalytics Framework,NA,NA,NA,NA
KPI_P_037,Production Metric 37,Production,Operations,Both,All,Global,NA,NA,NA,NA,NA,Generated KPI for Production,MiningAnalytics Framework,NA,NA,NA,NA
KPI_P_038,Production Metric 38,Production,Operations,Both,All,Global,NA,NA,NA,NA,NA,Generated KPI for Production,MiningAnalytics Framework,NA,NA,NA,NA
KPI_P_039,Production Metric 39,Production,Operations,Both,All,Global,NA,NA,NA,NA,NA,Generated KPI for Production,MiningAnalytics Framework,NA,NA,NA,NA
KPI_P_040,Production Metric 40,Production,Operations,Both,All,Global,NA,NA,NA,NA,NA,Generated KPI for Production,MiningAnalytics Framework,NA,NA,NA,NA
KPI_OB_002,Overburden Metric 2,Overburden,Waste,Both,All,Global,NA,NA,NA,NA,NA,Generated KPI for Overburden,MiningAnalytics Framework,NA,NA,NA,NA
KPI_OB_003,Overburden Metric 3,Overburden,Waste,Both,All,Global,NA,NA,NA,NA,NA,Generated KPI for Overburden,MiningAnalytics Framework,NA,NA,NA,NA
KPI_OB_004,Overburden Metric 4,Overburden,Waste,Both,All,Global,NA,NA,NA,NA,NA,Generated KPI for Overburden,MiningAnalytics Framework,NA,NA,NA,NA
KPI_OB_005,Overburden Metric 5,Overburden,Waste,Both,All,Global,NA,NA,NA,NA,NA,Generated KPI for Overburden,MiningAnalytics Framework,NA,NA,NA,NA
KPI_OB_006,Overburden Metric 6,Overburden,Waste,Both,All,Global,NA,NA,NA,NA,NA,Generated KPI for Overburden,MiningAnalytics Framework,NA,NA,NA,NA
KPI_OB_007,Overburden Metric 7,Overburden,Waste,Both,All,Global,NA,NA,NA,NA,NA,Generated KPI for Overburden,MiningAnalytics Framework,NA,NA,NA,NA
KPI_OB_008,Overburden Metric 8,Overburden,Waste,Both,All,Global,NA,NA,NA,NA,NA,Generated KPI for Overburden,MiningAnalytics Framework,NA,NA,NA,NA
KPI_OB_009,Overburden Metric 9,Overburden,Waste,Both,All,Global,NA,NA,NA,NA,NA,Generated KPI for Overburden,MiningAnalytics Framework,NA,NA,NA,NA
KPI_OB_010,Overburden Metric 10,Overburden,Waste,Both,All,Global,NA,NA,NA,NA,NA,Generated KPI for Overburden,MiningAnalytics Framework,NA,NA,NA,NA
KPI_OB_011,Overburden Metric 11,Overburden,Waste,Both,All,Global,NA,NA,NA,NA,NA,Generated KPI for Overburden,MiningAnalytics Framework,NA,NA,NA,NA
KPI_OB_012,Overburden Metric 12,Overburden,Waste,Both,All,Global,NA,NA,NA,NA,NA,Generated KPI for Overburden,MiningAnalytics Framework,NA,NA,NA,NA
KPI_OB_013,Overburden Metric 13,Overburden,Waste,Both,All,Global,NA,NA,NA,NA,NA,Generated KPI for Overburden,MiningAnalytics Framework,NA,NA,NA,NA
KPI_OB_014,Overburden Metric 14,Overburden,Waste,Both,All,Global,NA,NA,NA,NA,NA,Generated KPI for Overburden,MiningAnalytics Framework,NA,NA,NA,NA
KPI_OB_015,Overburden Metric 15,Overburden,Waste,Both,All,Global,NA,NA,NA,NA,NA,Generated KPI for Overburden,MiningAnalytics Framework,NA,NA,NA,NA
KPI_OB_016,Overburden Metric 16,Overburden,Waste,Both,All,Global,NA,NA,NA,NA,NA,Generated KPI for Overburden,MiningAnalytics Framework,NA,NA,NA,NA
KPI_OB_017,Overburden Metric 17,Overburden,Waste,Both,All,Global,NA,NA,NA,NA,NA,Generated KPI for Overburden,MiningAnalytics Framework,NA,NA,NA,NA
KPI_OB_018,Overburden Metric 18,Overburden,Waste,Both,All,Global,NA,NA,NA,NA,NA,Generated KPI for Overburden,MiningAnalytics Framework,NA,NA,NA,NA
KPI_OB_019,Overburden Metric 19,Overburden,Waste,Both,All,Global,NA,NA,NA,NA,NA,Generated KPI for Overburden,MiningAnalytics Framework,NA,NA,NA,NA
KPI_OB_020,Overburden Metric 20,Overburden,Waste,Both,All,Global,NA,NA,NA,NA,NA,Generated KPI for Overburden,MiningAnalytics Framework,NA,NA,NA,NA
KPI_OB_021,Overburden Metric 21,Overburden,Waste,Both,All,Global,NA,NA,NA,NA,NA,Generated KPI for Overburden,MiningAnalytics Framework,NA,NA,NA,NA
KPI_OB_022,Overburden Metric 22,Overburden,Waste,Both,All,Global,NA,NA,NA,NA,NA,Generated KPI for Overburden,MiningAnalytics Framework,NA,NA,NA,NA
KPI_OB_023,Overburden Metric 23,Overburden,Waste,Both,All,Global,NA,NA,NA,NA,NA,Generated KPI for Overburden,MiningAnalytics Framework,NA,NA,NA,NA
KPI_OB_024,Overburden Metric 24,Overburden,Waste,Both,All,Global,NA,NA,NA,NA,NA,Generated KPI for Overburden,MiningAnalytics Framework,NA,NA,NA,NA
KPI_OB_025,Overburden Metric 25,Overburden,Waste,Both,All,Global,NA,NA,NA,NA,NA,Generated KPI for Overburden,MiningAnalytics Framework,NA,NA,NA,NA
KPI_W_002,Water Metric 2,Water,Consumption,Both,All,Global,NA,NA,NA,NA,NA,Generated KPI for Water,MiningAnalytics Framework,NA,NA,NA,NA
KPI_W_003,Water Metric 3,Water,Consumption,Both,All,Global,NA,NA,NA,NA,NA,Generated KPI for Water,MiningAnalytics Framework,NA,NA,NA,NA
KPI_W_004,Water Metric 4,Water,Consumption,Both,All,Global,NA,NA,NA,NA,NA,Generated KPI for Water,MiningAnalytics Framework,NA,NA,NA,NA
KPI_W_005,Water Metric 5,Water,Consumption,Both,All,Global,NA,NA,NA,NA,NA,Generated KPI for Water,MiningAnalytics Framework,NA,NA,NA,NA
KPI_W_006,Water Metric 6,Water,Consumption,Both,All,Global,NA,NA,NA,NA,NA,Generated KPI for Water,MiningAnalytics Framework,NA,NA,NA,NA
KPI_W_007,Water Metric 7,Water,Consumption,Both,All,Global,NA,NA,NA,NA,NA,Generated KPI for Water,MiningAnalytics Framework,NA,NA,NA,NA
KPI_W_008,Water Metric 8,Water,Consumption,Both,All,Global,NA,NA,NA,NA,NA,Generated KPI for Water,MiningAnalytics Framework,NA,NA,NA,NA
KPI_W_009,Water Metric 9,Water,Consumption,Both,All,Global,NA,NA,NA,NA,NA,Generated KPI for Water,MiningAnalytics Framework,NA,NA,NA,NA
KPI_W_010,Water Metric 10,Water,Consumption,Both,All,Global,NA,NA,NA,NA,NA,Generated KPI for Water,MiningAnalytics Framework,NA,NA,NA,NA
KPI_W_011,Water Metric 11,Water,Consumption,Both,All,Global,NA,NA,NA,NA,NA,Generated KPI for Water,MiningAnalytics Framework,NA,NA,NA,NA
KPI_W_012,Water Metric 12,Water,Consumption,Both,All,Global,NA,NA,NA,NA,NA,Generated KPI for Water,MiningAnalytics Framework,NA,NA,NA,NA
KPI_W_013,Water Metric 13,Water,Consumption,Both,All,Global,NA,NA,NA,NA,NA,Generated KPI for Water,MiningAnalytics Framework,NA,NA,NA,NA
KPI_W_014,Water Metric 14,Water,Consumption,Both,All,Global,NA,NA,NA,NA,NA,Generated KPI for Water,MiningAnalytics Framework,NA,NA,NA,NA
KPI_W_015,Water Metric 15,Water,Consumption,Both,All,Global,NA,NA,NA,NA,NA,Generated KPI for Water,MiningAnalytics Framework,NA,NA,NA,NA
KPI_W_016,Water Metric 16,Water,Consumption,Both,All,Global,NA,NA,NA,NA,NA,Generated KPI for Water,MiningAnalytics Framework,NA,NA,NA,NA
KPI_W_017,Water Metric 17,Water,Consumption,Both,All,Global,NA,NA,NA,NA,NA,Generated KPI for Water,MiningAnalytics Framework,NA,NA,NA,NA
KPI_W_018,Water Metric 18,Water,Consumption,Both,All,Global,NA,NA,NA,NA,NA,Generated KPI for Water,MiningAnalytics Framework,NA,NA,NA,NA
KPI_W_019,Water Metric 19,Water,Consumption,Both,All,Global,NA,NA,NA,NA,NA,Generated KPI for Water,MiningAnalytics Framework,NA,NA,NA,NA
KPI_W_020,Water Metric 20,Water,Consumption,Both,All,Global,NA,NA,NA,NA,NA,Generated KPI for Water,MiningAnalytics Framework,NA,NA,NA,NA
KPI_L_001,Logistics Metric 1,Logistics,Transport,Both,All,Global,NA,NA,NA,NA,NA,Generated KPI for Logistics,MiningAnalytics Framework,NA,NA,NA,NA
KPI_L_002,Logistics Metric 2,Logistics,Transport,Both,All,Global,NA,NA,NA,NA,NA,Generated KPI for Logistics,MiningAnalytics Framework,NA,NA,NA,NA
KPI_L_003,Logistics Metric 3,Logistics,Transport,Both,All,Global,NA,NA,NA,NA,NA,Generated KPI for Logistics,MiningAnalytics Framework,NA,NA,NA,NA
KPI_L_004,Logistics Metric 4,Logistics,Transport,Both,All,Global,NA,NA,NA,NA,NA,Generated KPI for Logistics,MiningAnalytics Framework,NA,NA,NA,NA
KPI_L_005,Logistics Metric 5,Logistics,Transport,Both,All,Global,NA,NA,NA,NA,NA,Generated KPI for Logistics,MiningAnalytics Framework,NA,NA,NA,NA
KPI_L_006,Logistics Metric 6,Logistics,Transport,Both,All,Global,NA,NA,NA,NA,NA,Generated KPI for Logistics,MiningAnalytics Framework,NA,NA,NA,NA
KPI_L_007,Logistics Metric 7,Logistics,Transport,Both,All,Global,NA,NA,NA,NA,NA,Generated KPI for Logistics,MiningAnalytics Framework,NA,NA,NA,NA
KPI_L_008,Logistics Metric 8,Logistics,Transport,Both,All,Global,NA,NA,NA,NA,NA,Generated KPI for Logistics,MiningAnalytics Framework,NA,NA,NA,NA
KPI_L_009,Logistics Metric 9,Logistics,Transport,Both,All,Global,NA,NA,NA,NA,NA,Generated KPI for Logistics,MiningAnalytics Framework,NA,NA,NA,NA
KPI_L_010,Logistics Metric 10,Logistics,Transport,Both,All,Global,NA,NA,NA,NA,NA,Generated KPI for Logistics,MiningAnalytics Framework,NA,NA,NA,NA
KPI_L_011,Logistics Metric 11,Logistics,Transport,Both,All,Global,NA,NA,NA,NA,NA,Generated KPI for Logistics,MiningAnalytics Framework,NA,NA,NA,NA
KPI_L_012,Logistics Metric 12,Logistics,Transport,Both,All,Global,NA,NA,NA,NA,NA,Generated KPI for Logistics,MiningAnalytics Framework,NA,NA,NA,NA
KPI_L_013,Logistics Metric 13,Logistics,Transport,Both,All,Global,NA,NA,NA,NA,NA,Generated KPI for Logistics,MiningAnalytics Framework,NA,NA,NA,NA
KPI_L_014,Logistics Metric 14,Logistics,Transport,Both,All,Global,NA,NA,NA,NA,NA,Generated KPI for Logistics,MiningAnalytics Framework,NA,NA,NA,NA
KPI_L_015,Logistics Metric 15,Logistics,Transport,Both,All,Global,NA,NA,NA,NA,NA,Generated KPI for Logistics,MiningAnalytics Framework,NA,NA,NA,NA
KPI_L_016,Logistics Metric 16,Logistics,Transport,Both,All,Global,NA,NA,NA,NA,NA,Generated KPI for Logistics,MiningAnalytics Framework,NA,NA,NA,NA
KPI_L_017,Logistics Metric 17,Logistics,Transport,Both,All,Global,NA,NA,NA,NA,NA,Generated KPI for Logistics,MiningAnalytics Framework,NA,NA,NA,NA
KPI_L_018,Logistics Metric 18,Logistics,Transport,Both,All,Global,NA,NA,NA,NA,NA,Generated KPI for Logistics,MiningAnalytics Framework,NA,NA,NA,NA
KPI_L_019,Logistics Metric 19,Logistics,Transport,Both,All,Global,NA,NA,NA,NA,NA,Generated KPI for Logistics,MiningAnalytics Framework,NA,NA,NA,NA
KPI_L_020,Logistics Metric 20,Logistics,Transport,Both,All,Global,NA,NA,NA,NA,NA,Generated KPI for Logistics,MiningAnalytics Framework,NA,NA,NA,NA
KPI_L_021,Logistics Metric 21,Logistics,Transport,Both,All,Global,NA,NA,NA,NA,NA,Generated KPI for Logistics,MiningAnalytics Framework,NA,NA,NA,NA
KPI_L_022,Logistics Metric 22,Logistics,Transport,Both,All,Global,NA,NA,NA,NA,NA,Generated KPI for Logistics,MiningAnalytics Framework,NA,NA,NA,NA
KPI_L_023,Logistics Metric 23,Logistics,Transport,Both,All,Global,NA,NA,NA,NA,NA,Generated KPI for Logistics,MiningAnalytics Framework,NA,NA,NA,NA
KPI_L_024,Logistics Metric 24,Logistics,Transport,Both,All,Global,NA,NA,NA,NA,NA,Generated KPI for Logistics,MiningAnalytics Framework,NA,NA,NA,NA
KPI_L_025,Logistics Metric 25,Logistics,Transport,Both,All,Global,NA,NA,NA,NA,NA,Generated KPI for Logistics,MiningAnalytics Framework,NA,NA,NA,NA
KPI_L_026,Logistics Metric 26,Logistics,Transport,Both,All,Global,NA,NA,NA,NA,NA,Generated KPI for Logistics,MiningAnalytics Framework,NA,NA,NA,NA
KPI_L_027,Logistics Metric 27,Logistics,Transport,Both,All,Global,NA,NA,NA,NA,NA,Generated KPI for Logistics,MiningAnalytics Framework,NA,NA,NA,NA
KPI_L_028,Logistics Metric 28,Logistics,Transport,Both,All,Global,NA,NA,NA,NA,NA,Generated KPI for Logistics,MiningAnalytics Framework,NA,NA,NA,NA
KPI_L_029,Logistics Metric 29,Logistics,Transport,Both,All,Global,NA,NA,NA,NA,NA,Generated KPI for Logistics,MiningAnalytics Framework,NA,NA,NA,NA
KPI_L_030,Logistics Metric 30,Logistics,Transport,Both,All,Global,NA,NA,NA,NA,NA,Generated KPI for Logistics,MiningAnalytics Framework,NA,NA,NA,NA
KPI_L_031,Logistics Metric 31,Logistics,Transport,Both,All,Global,NA,NA,NA,NA,NA,Generated KPI for Logistics,MiningAnalytics Framework,NA,NA,NA,NA
KPI_L_032,Logistics Metric 32,Logistics,Transport,Both,All,Global,NA,NA,NA,NA,NA,Generated KPI for Logistics,MiningAnalytics Framework,NA,NA,NA,NA
KPI_L_033,Logistics Metric 33,Logistics,Transport,Both,All,Global,NA,NA,NA,NA,NA,Generated KPI for Logistics,MiningAnalytics Framework,NA,NA,NA,NA
KPI_L_034,Logistics Metric 34,Logistics,Transport,Both,All,Global,NA,NA,NA,NA,NA,Generated KPI for Logistics,MiningAnalytics Framework,NA,NA,NA,NA
KPI_L_035,Logistics Metric 35,Logistics,Transport,Both,All,Global,NA,NA,NA,NA,NA,Generated KPI for Logistics,MiningAnalytics Framework,NA,NA,NA,NA
KPI_E_001,Energy Metric 1,Energy,Fuel,Both,All,Global,NA,NA,NA,NA,NA,Generated KPI for Energy,MiningAnalytics Framework,NA,NA,NA,NA
KPI_E_002,Energy Metric 2,Energy,Fuel,Both,All,Global,NA,NA,NA,NA,NA,Generated KPI for Energy,MiningAnalytics Framework,NA,NA,NA,NA
KPI_E_003,Energy Metric 3,Energy,Fuel,Both,All,Global,NA,NA,NA,NA,NA,Generated KPI for Energy,MiningAnalytics Framework,NA,NA,NA,NA
KPI_E_004,Energy Metric 4,Energy,Fuel,Both,All,Global,NA,NA,NA,NA,NA,Generated KPI for Energy,MiningAnalytics Framework,NA,NA,NA,NA
KPI_E_005,Energy Metric 5,Energy,Fuel,Both,All,Global,NA,NA,NA,NA,NA,Generated KPI for Energy,MiningAnalytics Framework,NA,NA,NA,NA
KPI_E_006,Energy Metric 6,Energy,Fuel,Both,All,Global,NA,NA,NA,NA,NA,Generated KPI for Energy,MiningAnalytics Framework,NA,NA,NA,NA
KPI_E_007,Energy Metric 7,Energy,Fuel,Both,All,Global,NA,NA,NA,NA,NA,Generated KPI for Energy,MiningAnalytics Framework,NA,NA,NA,NA
KPI_E_008,Energy Metric 8,Energy,Fuel,Both,All,Global,NA,NA,NA,NA,NA,Generated KPI for Energy,MiningAnalytics Framework,NA,NA,NA,NA
KPI_E_009,Energy Metric 9,Energy,Fuel,Both,All,Global,NA,NA,NA,NA,NA,Generated KPI for Energy,MiningAnalytics Framework,NA,NA,NA,NA
KPI_E_010,Energy Metric 10,Energy,Fuel,Both,All,Global,NA,NA,NA,NA,NA,Generated KPI for Energy,MiningAnalytics Framework,NA,NA,NA,NA
KPI_E_011,Energy Metric 11,Energy,Fuel,Both,All,Global,NA,NA,NA,NA,NA,Generated KPI for Energy,MiningAnalytics Framework,NA,NA,NA,NA
KPI_E_012,Energy Metric 12,Energy,Fuel,Both,All,Global,NA,NA,NA,NA,NA,Generated KPI for Energy,MiningAnalytics Framework,NA,NA,NA,NA
KPI_E_013,Energy Metric 13,Energy,Fuel,Both,All,Global,NA,NA,NA,NA,NA,Generated KPI for Energy,MiningAnalytics Framework,NA,NA,NA,NA
KPI_E_014,Energy Metric 14,Energy,Fuel,Both,All,Global,NA,NA,NA,NA,NA,Generated KPI for Energy,MiningAnalytics Framework,NA,NA,NA,NA
KPI_E_015,Energy Metric 15,Energy,Fuel,Both,All,Global,NA,NA,NA,NA,NA,Generated KPI for Energy,MiningAnalytics Framework,NA,NA,NA,NA
KPI_E_016,Energy Metric 16,Energy,Fuel,Both,All,Global,NA,NA,NA,NA,NA,Generated KPI for Energy,MiningAnalytics Framework,NA,NA,NA,NA
KPI_E_017,Energy Metric 17,Energy,Fuel,Both,All,Global,NA,NA,NA,NA,NA,Generated KPI for Energy,MiningAnalytics Framework,NA,NA,NA,NA
KPI_E_018,Energy Metric 18,Energy,Fuel,Both,All,Global,NA,NA,NA,NA,NA,Generated KPI for Energy,MiningAnalytics Framework,NA,NA,NA,NA
KPI_E_019,Energy Metric 19,Energy,Fuel,Both,All,Global,NA,NA,NA,NA,NA,Generated KPI for Energy,MiningAnalytics Framework,NA,NA,NA,NA
KPI_E_020,Energy Metric 20,Energy,Fuel,Both,All,Global,NA,NA,NA,NA,NA,Generated KPI for Energy,MiningAnalytics Framework,NA,NA,NA,NA
KPI_E_021,Energy Metric 21,Energy,Fuel,Both,All,Global,NA,NA,NA,NA,NA,Generated KPI for Energy,MiningAnalytics Framework,NA,NA,NA,NA
KPI_E_022,Energy Metric 22,Energy,Fuel,Both,All,Global,NA,NA,NA,NA,NA,Generated KPI for Energy,MiningAnalytics Framework,NA,NA,NA,NA
KPI_E_023,Energy Metric 23,Energy,Fuel,Both,All,Global,NA,NA,NA,NA,NA,Generated KPI for Energy,MiningAnalytics Framework,NA,NA,NA,NA
KPI_E_024,Energy Metric 24,Energy,Fuel,Both,All,Global,NA,NA,NA,NA,NA,Generated KPI for Energy,MiningAnalytics Framework,NA,NA,NA,NA
KPI_E_025,Energy Metric 25,Energy,Fuel,Both,All,Global,NA,NA,NA,NA,NA,Generated KPI for Energy,MiningAnalytics Framework,NA,NA,NA,NA
KPI_ENV_001,Environment Metric 1,Environment,Emissions,Both,All,Global,NA,NA,NA,NA,NA,Generated KPI for Environment,MiningAnalytics Framework,NA,NA,NA,NA
KPI_ENV_002,Environment Metric 2,Environment,Emissions,Both,All,Global,NA,NA,NA,NA,NA,Generated KPI for Environment,MiningAnalytics Framework,NA,NA,NA,NA
KPI_ENV_003,Environment Metric 3,Environment,Emissions,Both,All,Global,NA,NA,NA,NA,NA,Generated KPI for Environment,MiningAnalytics Framework,NA,NA,NA,NA
KPI_ENV_004,Environment Metric 4,Environment,Emissions,Both,All,Global,NA,NA,NA,NA,NA,Generated KPI for Environment,MiningAnalytics Framework,NA,NA,NA,NA
KPI_ENV_005,Environment Metric 5,Environment,Emissions,Both,All,Global,NA,NA,NA,NA,NA,Generated KPI for Environment,MiningAnalytics Framework,NA,NA,NA,NA
KPI_ENV_006,Environment Metric 6,Environment,Emissions,Both,All,Global,NA,NA,NA,NA,NA,Generated KPI for Environment,MiningAnalytics Framework,NA,NA,NA,NA
KPI_ENV_007,Environment Metric 7,Environment,Emissions,Both,All,Global,NA,NA,NA,NA,NA,Generated KPI for Environment,MiningAnalytics Framework,NA,NA,NA,NA
KPI_ENV_008,Environment Metric 8,Environment,Emissions,Both,All,Global,NA,NA,NA,NA,NA,Generated KPI for Environment,MiningAnalytics Framework,NA,NA,NA,NA
KPI_ENV_009,Environment Metric 9,Environment,Emissions,Both,All,Global,NA,NA,NA,NA,NA,Generated KPI for Environment,MiningAnalytics Framework,NA,NA,NA,NA
KPI_ENV_010,Environment Metric 10,Environment,Emissions,Both,All,Global,NA,NA,NA,NA,NA,Generated KPI for Environment,MiningAnalytics Framework,NA,NA,NA,NA
KPI_ENV_011,Environment Metric 11,Environment,Emissions,Both,All,Global,NA,NA,NA,NA,NA,Generated KPI for Environment,MiningAnalytics Framework,NA,NA,NA,NA
KPI_ENV_012,Environment Metric 12,Environment,Emissions,Both,All,Global,NA,NA,NA,NA,NA,Generated KPI for Environment,MiningAnalytics Framework,NA,NA,NA,NA
KPI_ENV_013,Environment Metric 13,Environment,Emissions,Both,All,Global,NA,NA,NA,NA,NA,Generated KPI for Environment,MiningAnalytics Framework,NA,NA,NA,NA
KPI_ENV_014,Environment Metric 14,Environment,Emissions,Both,All,Global,NA,NA,NA,NA,NA,Generated KPI for Environment,MiningAnalytics Framework,NA,NA,NA,NA
KPI_ENV_015,Environment Metric 15,Environment,Emissions,Both,All,Global,NA,NA,NA,NA,NA,Generated KPI for Environment,MiningAnalytics Framework,NA,NA,NA,NA
KPI_ENV_016,Environment Metric 16,Environment,Emissions,Both,All,Global,NA,NA,NA,NA,NA,Generated KPI for Environment,MiningAnalytics Framework,NA,NA,NA,NA
KPI_ENV_017,Environment Metric 17,Environment,Emissions,Both,All,Global,NA,NA,NA,NA,NA,Generated KPI for Environment,MiningAnalytics Framework,NA,NA,NA,NA
KPI_ENV_018,Environment Metric 18,Environment,Emissions,Both,All,Global,NA,NA,NA,NA,NA,Generated KPI for Environment,MiningAnalytics Framework,NA,NA,NA,NA
KPI_ENV_019,Environment Metric 19,Environment,Emissions,Both,All,Global,NA,NA,NA,NA,NA,Generated KPI for Environment,MiningAnalytics Framework,NA,NA,NA,NA
KPI_ENV_020,Environment Metric 20,Environment,Emissions,Both,All,Global,NA,NA,NA,NA,NA,Generated KPI for Environment,MiningAnalytics Framework,NA,NA,NA,NA
KPI_ENV_021,Environment Metric 21,Environment,Emissions,Both,All,Global,NA,NA,NA,NA,NA,Generated KPI for Environment,MiningAnalytics Framework,NA,NA,NA,NA
KPI_ENV_022,Environment Metric 22,Environment,Emissions,Both,All,Global,NA,NA,NA,NA,NA,Generated KPI for Environment,MiningAnalytics Framework,NA,NA,NA,NA
KPI_ENV_023,Environment Metric 23,Environment,Emissions,Both,All,Global,NA,NA,NA,NA,NA,Generated KPI for Environment,MiningAnalytics Framework,NA,NA,NA,NA
KPI_ENV_024,Environment Metric 24,Environment,Emissions,Both,All,Global,NA,NA,NA,NA,NA,Generated KPI for Environment,MiningAnalytics Framework,NA,NA,NA,NA
KPI_ENV_025,Environment Metric 25,Environment,Emissions,Both,All,Global,NA,NA,NA,NA,NA,Generated KPI for Environment,MiningAnalytics Framework,NA,NA,NA,NA
KPI_ENV_026,Environment Metric 26,Environment,Emissions,Both,All,Global,NA,NA,NA,NA,NA,Generated KPI for Environment,MiningAnalytics Framework,NA,NA,NA,NA
KPI_ENV_027,Environment Metric 27,Environment,Emissions,Both,All,Global,NA,NA,NA,NA,NA,Generated KPI for Environment,MiningAnalytics Framework,NA,NA,NA,NA
KPI_ENV_028,Environment Metric 28,Environment,Emissions,Both,All,Global,NA,NA,NA,NA,NA,Generated KPI for Environment,MiningAnalytics Framework,NA,NA,NA,NA
KPI_ENV_029,Environment Metric 29,Environment,Emissions,Both,All,Global,NA,NA,NA,NA,NA,Generated KPI for Environment,MiningAnalytics Framework,NA,NA,NA,NA
KPI_ENV_030,Environment Metric 30,Environment,Emissions,Both,All,Global,NA,NA,NA,NA,NA,Generated KPI for Environment,MiningAnalytics Framework,NA,NA,NA,NA
KPI_ENV_031,Environment Metric 31,Environment,Emissions,Both,All,Global,NA,NA,NA,NA,NA,Generated KPI for Environment,MiningAnalytics Framework,NA,NA,NA,NA
KPI_ENV_032,Environment Metric 32,Environment,Emissions,Both,All,Global,NA,NA,NA,NA,NA,Generated KPI for Environment,MiningAnalytics Framework,NA,NA,NA,NA
KPI_ENV_033,Environment Metric 33,Environment,Emissions,Both,All,Global,NA,NA,NA,NA,NA,Generated KPI for Environment,MiningAnalytics Framework,NA,NA,NA,NA
KPI_ENV_034,Environment Metric 34,Environment,Emissions,Both,All,Global,NA,NA,NA,NA,NA,Generated KPI for Environment,MiningAnalytics Framework,NA,NA,NA,NA
KPI_ENV_035,Environment Metric 35,Environment,Emissions,Both,All,Global,NA,NA,NA,NA,NA,Generated KPI for Environment,MiningAnalytics Framework,NA,NA,NA,NA
KPI_SAF_001,Safety Metric 1,Safety,Health,Both,All,Global,NA,NA,NA,NA,NA,Generated KPI for Safety,MiningAnalytics Framework,NA,NA,NA,NA
KPI_SAF_002,Safety Metric 2,Safety,Health,Both,All,Global,NA,NA,NA,NA,NA,Generated KPI for Safety,MiningAnalytics Framework,NA,NA,NA,NA
KPI_SAF_003,Safety Metric 3,Safety,Health,Both,All,Global,NA,NA,NA,NA,NA,Generated KPI for Safety,MiningAnalytics Framework,NA,NA,NA,NA
KPI_SAF_004,Safety Metric 4,Safety,Health,Both,All,Global,NA,NA,NA,NA,NA,Generated KPI for Safety,MiningAnalytics Framework,NA,NA,NA,NA
KPI_SAF_005,Safety Metric 5,Safety,Health,Both,All,Global,NA,NA,NA,NA,NA,Generated KPI for Safety,MiningAnalytics Framework,NA,NA,NA,NA
KPI_SAF_006,Safety Metric 6,Safety,Health,Both,All,Global,NA,NA,NA,NA,NA,Generated KPI for Safety,MiningAnalytics Framework,NA,NA,NA,NA
KPI_SAF_007,Safety Metric 7,Safety,Health,Both,All,Global,NA,NA,NA,NA,NA,Generated KPI for Safety,MiningAnalytics Framework,NA,NA,NA,NA
KPI_SAF_008,Safety Metric 8,Safety,Health,Both,All,Global,NA,NA,NA,NA,NA,Generated KPI for Safety,MiningAnalytics Framework,NA,NA,NA,NA
KPI_SAF_009,Safety Metric 9,Safety,Health,Both,All,Global,NA,NA,NA,NA,NA,Generated KPI for Safety,MiningAnalytics Framework,NA,NA,NA,NA
KPI_SAF_010,Safety Metric 10,Safety,Health,Both,All,Global,NA,NA,NA,NA,NA,Generated KPI for Safety,MiningAnalytics Framework,NA,NA,NA,NA
KPI_SAF_011,Safety Metric 11,Safety,Health,Both,All,Global,NA,NA,NA,NA,NA,Generated KPI for Safety,MiningAnalytics Framework,NA,NA,NA,NA
KPI_SAF_012,Safety Metric 12,Safety,Health,Both,All,Global,NA,NA,NA,NA,NA,Generated KPI for Safety,MiningAnalytics Framework,NA,NA,NA,NA
KPI_SAF_013,Safety Metric 13,Safety,Health,Both,All,Global,NA,NA,NA,NA,NA,Generated KPI for Safety,MiningAnalytics Framework,NA,NA,NA,NA
KPI_SAF_014,Safety Metric 14,Safety,Health,Both,All,Global,NA,NA,NA,NA,NA,Generated KPI for Safety,MiningAnalytics Framework,NA,NA,NA,NA
KPI_SAF_015,Safety Metric 15,Safety,Health,Both,All,Global,NA,NA,NA,NA,NA,Generated KPI for Safety,MiningAnalytics Framework,NA,NA,NA,NA
KPI_SAF_016,Safety Metric 16,Safety,Health,Both,All,Global,NA,NA,NA,NA,NA,Generated KPI for Safety,MiningAnalytics Framework,NA,NA,NA,NA
KPI_SAF_017,Safety Metric 17,Safety,Health,Both,All,Global,NA,NA,NA,NA,NA,Generated KPI for Safety,MiningAnalytics Framework,NA,NA,NA,NA
KPI_SAF_018,Safety Metric 18,Safety,Health,Both,All,Global,NA,NA,NA,NA,NA,Generated KPI for Safety,MiningAnalytics Framework,NA,NA,NA,NA
KPI_SAF_019,Safety Metric 19,Safety,Health,Both,All,Global,NA,NA,NA,NA,NA,Generated KPI for Safety,MiningAnalytics Framework,NA,NA,NA,NA
KPI_SAF_020,Safety Metric 20,Safety,Health,Both,All,Global,NA,NA,NA,NA,NA,Generated KPI for Safety,MiningAnalytics Framework,NA,NA,NA,NA
KPI_SAF_021,Safety Metric 21,Safety,Health,Both,All,Global,NA,NA,NA,NA,NA,Generated KPI for Safety,MiningAnalytics Framework,NA,NA,NA,NA
KPI_SAF_022,Safety Metric 22,Safety,Health,Both,All,Global,NA,NA,NA,NA,NA,Generated KPI for Safety,MiningAnalytics Framework,NA,NA,NA,NA
KPI_SAF_023,Safety Metric 23,Safety,Health,Both,All,Global,NA,NA,NA,NA,NA,Generated KPI for Safety,MiningAnalytics Framework,NA,NA,NA,NA
KPI_SAF_024,Safety Metric 24,Safety,Health,Both,All,Global,NA,NA,NA,NA,NA,Generated KPI for Safety,MiningAnalytics Framework,NA,NA,NA,NA
KPI_SAF_025,Safety Metric 25,Safety,Health,Both,All,Global,NA,NA,NA,NA,NA,Generated KPI for Safety,MiningAnalytics Framework,NA,NA,NA,NA
KPI_SAF_026,Safety Metric 26,Safety,Health,Both,All,Global,NA,NA,NA,NA,NA,Generated KPI for Safety,MiningAnalytics Framework,NA,NA,NA,NA
KPI_SAF_027,Safety Metric 27,Safety,Health,Both,All,Global,NA,NA,NA,NA,NA,Generated KPI for Safety,MiningAnalytics Framework,NA,NA,NA,NA
KPI_SAF_028,Safety Metric 28,Safety,Health,Both,All,Global,NA,NA,NA,NA,NA,Generated KPI for Safety,MiningAnalytics Framework,NA,NA,NA,NA
KPI_SAF_029,Safety Metric 29,Safety,Health,Both,All,Global,NA,NA,NA,NA,NA,Generated KPI for Safety,MiningAnalytics Framework,NA,NA,NA,NA
KPI_SAF_030,Safety Metric 30,Safety,Health,Both,All,Global,NA,NA,NA,NA,NA,Generated KPI for Safety,MiningAnalytics Framework,NA,NA,NA,NA
KPI_LAND_001,Land Metric 1,Land,Rehabilitation,Both,All,Global,NA,NA,NA,NA,NA,Generated KPI for Land,MiningAnalytics Framework,NA,NA,NA,NA
KPI_LAND_002,Land Metric 2,Land,Rehabilitation,Both,All,Global,NA,NA,NA,NA,NA,Generated KPI for Land,MiningAnalytics Framework,NA,NA,NA,NA
KPI_LAND_003,Land Metric 3,Land,Rehabilitation,Both,All,Global,NA,NA,NA,NA,NA,Generated KPI for Land,MiningAnalytics Framework,NA,NA,NA,NA
KPI_LAND_004,Land Metric 4,Land,Rehabilitation,Both,All,Global,NA,NA,NA,NA,NA,Generated KPI for Land,MiningAnalytics Framework,NA,NA,NA,NA
KPI_LAND_005,Land Metric 5,Land,Rehabilitation,Both,All,Global,NA,NA,NA,NA,NA,Generated KPI for Land,MiningAnalytics Framework,NA,NA,NA,NA
KPI_LAND_006,Land Metric 6,Land,Rehabilitation,Both,All,Global,NA,NA,NA,NA,NA,Generated KPI for Land,MiningAnalytics Framework,NA,NA,NA,NA
KPI_LAND_007,Land Metric 7,Land,Rehabilitation,Both,All,Global,NA,NA,NA,NA,NA,Generated KPI for Land,MiningAnalytics Framework,NA,NA,NA,NA
KPI_LAND_008,Land Metric 8,Land,Rehabilitation,Both,All,Global,NA,NA,NA,NA,NA,Generated KPI for Land,MiningAnalytics Framework,NA,NA,NA,NA
KPI_LAND_009,Land Metric 9,Land,Rehabilitation,Both,All,Global,NA,NA,NA,NA,NA,Generated KPI for Land,MiningAnalytics Framework,NA,NA,NA,NA
KPI_LAND_010,Land Metric 10,Land,Rehabilitation,Both,All,Global,NA,NA,NA,NA,NA,Generated KPI for Land,MiningAnalytics Framework,NA,NA,NA,NA
KPI_LAND_011,Land Metric 11,Land,Rehabilitation,Both,All,Global,NA,NA,NA,NA,NA,Generated KPI for Land,MiningAnalytics Framework,NA,NA,NA,NA
KPI_LAND_012,Land Metric 12,Land,Rehabilitation,Both,All,Global,NA,NA,NA,NA,NA,Generated KPI for Land,MiningAnalytics Framework,NA,NA,NA,NA
KPI_LAND_013,Land Metric 13,Land,Rehabilitation,Both,All,Global,NA,NA,NA,NA,NA,Generated KPI for Land,MiningAnalytics Framework,NA,NA,NA,NA
KPI_LAND_014,Land Metric 14,Land,Rehabilitation,Both,All,Global,NA,NA,NA,NA,NA,Generated KPI for Land,MiningAnalytics Framework,NA,NA,NA,NA
KPI_LAND_015,Land Metric 15,Land,Rehabilitation,Both,All,Global,NA,NA,NA,NA,NA,Generated KPI for Land,MiningAnalytics Framework,NA,NA,NA,NA
KPI_LAND_016,Land Metric 16,Land,Rehabilitation,Both,All,Global,NA,NA,NA,NA,NA,Generated KPI for Land,MiningAnalytics Framework,NA,NA,NA,NA
KPI_LAND_017,Land Metric 17,Land,Rehabilitation,Both,All,Global,NA,NA,NA,NA,NA,Generated KPI for Land,MiningAnalytics Framework,NA,NA,NA,NA
KPI_LAND_018,Land Metric 18,Land,Rehabilitation,Both,All,Global,NA,NA,NA,NA,NA,Generated KPI for Land,MiningAnalytics Framework,NA,NA,NA,NA
KPI_LAND_019,Land Metric 19,Land,Rehabilitation,Both,All,Global,NA,NA,NA,NA,NA,Generated KPI for Land,MiningAnalytics Framework,NA,NA,NA,NA
KPI_LAND_020,Land Metric 20,Land,Rehabilitation,Both,All,Global,NA,NA,NA,NA,NA,Generated KPI for Land,MiningAnalytics Framework,NA,NA,NA,NA
KPI_Q_001,Quality Metric 1,Quality,Processing,Both,All,Global,NA,NA,NA,NA,NA,Generated KPI for Quality,MiningAnalytics Framework,NA,NA,NA,NA
KPI_Q_002,Quality Metric 2,Quality,Processing,Both,All,Global,NA,NA,NA,NA,NA,Generated KPI for Quality,MiningAnalytics Framework,NA,NA,NA,NA
KPI_Q_003,Quality Metric 3,Quality,Processing,Both,All,Global,NA,NA,NA,NA,NA,Generated KPI for Quality,MiningAnalytics Framework,NA,NA,NA,NA
KPI_Q_004,Quality Metric 4,Quality,Processing,Both,All,Global,NA,NA,NA,NA,NA,Generated KPI for Quality,MiningAnalytics Framework,NA,NA,NA,NA
KPI_Q_005,Quality Metric 5,Quality,Processing,Both,All,Global,NA,NA,NA,NA,NA,Generated KPI for Quality,MiningAnalytics Framework,NA,NA,NA,NA
KPI_Q_006,Quality Metric 6,Quality,Processing,Both,All,Global,NA,NA,NA,NA,NA,Generated KPI for Quality,MiningAnalytics Framework,NA,NA,NA,NA
KPI_Q_007,Quality Metric 7,Quality,Processing,Both,All,Global,NA,NA,NA,NA,NA,Generated KPI for Quality,MiningAnalytics Framework,NA,NA,NA,NA
KPI_Q_008,Quality Metric 8,Quality,Processing,Both,All,Global,NA,NA,NA,NA,NA,Generated KPI for Quality,MiningAnalytics Framework,NA,NA,NA,NA
KPI_Q_009,Quality Metric 9,Quality,Processing,Both,All,Global,NA,NA,NA,NA,NA,Generated KPI for Quality,MiningAnalytics Framework,NA,NA,NA,NA
KPI_Q_010,Quality Metric 10,Quality,Processing,Both,All,Global,NA,NA,NA,NA,NA,Generated KPI for Quality,MiningAnalytics Framework,NA,NA,NA,NA
KPI_Q_011,Quality Metric 11,Quality,Processing,Both,All,Global,NA,NA,NA,NA,NA,Generated KPI for Quality,MiningAnalytics Framework,NA,NA,NA,NA
KPI_Q_012,Quality Metric 12,Quality,Processing,Both,All,Global,NA,NA,NA,NA,NA,Generated KPI for Quality,MiningAnalytics Framework,NA,NA,NA,NA
KPI_Q_013,Quality Metric 13,Quality,Processing,Both,All,Global,NA,NA,NA,NA,NA,Generated KPI for Quality,MiningAnalytics Framework,NA,NA,NA,NA
KPI_Q_014,Quality Metric 14,Quality,Processing,Both,All,Global,NA,NA,NA,NA,NA,Generated KPI for Quality,MiningAnalytics Framework,NA,NA,NA,NA
KPI_Q_015,Quality Metric 15,Quality,Processing,Both,All,Global,NA,NA,NA,NA,NA,Generated KPI for Quality,MiningAnalytics Framework,NA,NA,NA,NA
KPI_Q_016,Quality Metric 16,Quality,Processing,Both,All,Global,NA,NA,NA,NA,NA,Generated KPI for Quality,MiningAnalytics Framework,NA,NA,NA,NA
KPI_Q_017,Quality Metric 17,Quality,Processing,Both,All,Global,NA,NA,NA,NA,NA,Generated KPI for Quality,MiningAnalytics Framework,NA,NA,NA,NA
KPI_Q_018,Quality Metric 18,Quality,Processing,Both,All,Global,NA,NA,NA,NA,NA,Generated KPI for Quality,MiningAnalytics Framework,NA,NA,NA,NA
KPI_Q_019,Quality Metric 19,Quality,Processing,Both,All,Global,NA,NA,NA,NA,NA,Generated KPI for Quality,MiningAnalytics Framework,NA,NA,NA,NA
KPI_Q_020,Quality Metric 20,Quality,Processing,Both,All,Global,NA,NA,NA,NA,NA,Generated KPI for Quality,MiningAnalytics Framework,NA,NA,NA,NA
KPI_G_001,Governance Metric 1,Governance,Compliance,Both,All,Global,NA,NA,NA,NA,NA,Generated KPI for Governance,MiningAnalytics Framework,NA,NA,NA,NA
KPI_G_002,Governance Metric 2,Governance,Compliance,Both,All,Global,NA,NA,NA,NA,NA,Generated KPI for Governance,MiningAnalytics Framework,NA,NA,NA,NA
KPI_G_003,Governance Metric 3,Governance,Compliance,Both,All,Global,NA,NA,NA,NA,NA,Generated KPI for Governance,MiningAnalytics Framework,NA,NA,NA,NA
KPI_G_004,Governance Metric 4,Governance,Compliance,Both,All,Global,NA,NA,NA,NA,NA,Generated KPI for Governance,MiningAnalytics Framework,NA,NA,NA,NA
KPI_G_005,Governance Metric 5,Governance,Compliance,Both,All,Global,NA,NA,NA,NA,NA,Generated KPI for Governance,MiningAnalytics Framework,NA,NA,NA,NA
KPI_G_006,Governance Metric 6,Governance,Compliance,Both,All,Global,NA,NA,NA,NA,NA,Generated KPI for Governance,MiningAnalytics Framework,NA,NA,NA,NA
KPI_G_007,Governance Metric 7,Governance,Compliance,Both,All,Global,NA,NA,NA,NA,NA,Generated KPI for Governance,MiningAnalytics Framework,NA,NA,NA,NA
KPI_G_008,Governance Metric 8,Governance,Compliance,Both,All,Global,NA,NA,NA,NA,NA,Generated KPI for Governance,MiningAnalytics Framework,NA,NA,NA,NA
KPI_G_009,Governance Metric 9,Governance,Compliance,Both,All,Global,NA,NA,NA,NA,NA,Generated KPI for Governance,MiningAnalytics Framework,NA,NA,NA,NA
KPI_G_010,Governance Metric 10,Governance,Compliance,Both,All,Global,NA,NA,NA,NA,NA,Generated KPI for Governance,MiningAnalytics Framework,NA,NA,NA,NA
KPI_G_011,Governance Metric 11,Governance,Compliance,Both,All,Global,NA,NA,NA,NA,NA,Generated KPI for Governance,MiningAnalytics Framework,NA,NA,NA,NA
KPI_G_012,Governance Metric 12,Governance,Compliance,Both,All,Global,NA,NA,NA,NA,NA,Generated KPI for Governance,MiningAnalytics Framework,NA,NA,NA,NA
KPI_G_013,Governance Metric 13,Governance,Compliance,Both,All,Global,NA,NA,NA,NA,NA,Generated KPI for Governance,MiningAnalytics Framework,NA,NA,NA,NA
KPI_G_014,Governance Metric 14,Governance,Compliance,Both,All,Global,NA,NA,NA,NA,NA,Generated KPI for Governance,MiningAnalytics Framework,NA,NA,NA,NA
KPI_G_015,Governance Metric 15,Governance,Compliance,Both,All,Global,NA,NA,NA,NA,NA,Generated KPI for Governance,MiningAnalytics Framework,NA,NA,NA,NA
KPI_G_016,Governance Metric 16,Governance,Compliance,Both,All,Global,NA,NA,NA,NA,NA,Generated KPI for Governance,MiningAnalytics Framework,NA,NA,NA,NA
KPI_G_017,Governance Metric 17,Governance,Compliance,Both,All,Global,NA,NA,NA,NA,NA,Generated KPI for Governance,MiningAnalytics Framework,NA,NA,NA,NA
KPI_G_018,Governance Metric 18,Governance,Compliance,Both,All,Global,NA,NA,NA,NA,NA,Generated KPI for Governance,MiningAnalytics Framework,NA,NA,NA,NA
KPI_G_019,Governance Metric 19,Governance,Compliance,Both,All,Global,NA,NA,NA,NA,NA,Generated KPI for Governance,MiningAnalytics Framework,NA,NA,NA,NA
KPI_G_020,Governance Metric 20,Governance,Compliance,Both,All,Global,NA,NA,NA,NA,NA,Generated KPI for Governance,MiningAnalytics Framework,NA,NA,NA,NA
KPI_G_021,Governance Metric 21,Governance,Compliance,Both,All,Global,NA,NA,NA,NA,NA,Generated KPI for Governance,MiningAnalytics Framework,NA,NA,NA,NA
KPI_G_022,Governance Metric 22,Governance,Compliance,Both,All,Global,NA,NA,NA,NA,NA,Generated KPI for Governance,MiningAnalytics Framework,NA,NA,NA,NA
KPI_G_023,Governance Metric 23,Governance,Compliance,Both,All,Global,NA,NA,NA,NA,NA,Generated KPI for Governance,MiningAnalytics Framework,NA,NA,NA,NA
KPI_G_024,Governance Metric 24,Governance,Compliance,Both,All,Global,NA,NA,NA,NA,NA,Generated KPI for Governance,MiningAnalytics Framework,NA,NA,NA,NA
KPI_G_025,Governance Metric 25,Governance,Compliance,Both,All,Global,NA,NA,NA,NA,NA,Generated KPI for Governance,MiningAnalytics Framework,NA,NA,NA,NA
KPI_SC_001,SupplyChain Metric 1,SupplyChain,Integration,Both,All,Global,NA,NA,NA,NA,NA,Generated KPI for SupplyChain,MiningAnalytics Framework,NA,NA,NA,NA
KPI_SC_002,SupplyChain Metric 2,SupplyChain,Integration,Both,All,Global,NA,NA,NA,NA,NA,Generated KPI for SupplyChain,MiningAnalytics Framework,NA,NA,NA,NA
KPI_SC_003,SupplyChain Metric 3,SupplyChain,Integration,Both,All,Global,NA,NA,NA,NA,NA,Generated KPI for SupplyChain,MiningAnalytics Framework,NA,NA,NA,NA
KPI_SC_004,SupplyChain Metric 4,SupplyChain,Integration,Both,All,Global,NA,NA,NA,NA,NA,Generated KPI for SupplyChain,MiningAnalytics Framework,NA,NA,NA,NA
KPI_SC_005,SupplyChain Metric 5,SupplyChain,Integration,Both,All,Global,NA,NA,NA,NA,NA,Generated KPI for SupplyChain,MiningAnalytics Framework,NA,NA,NA,NA
KPI_SC_006,SupplyChain Metric 6,SupplyChain,Integration,Both,All,Global,NA,NA,NA,NA,NA,Generated KPI for SupplyChain,MiningAnalytics Framework,NA,NA,NA,NA
KPI_SC_007,SupplyChain Metric 7,SupplyChain,Integration,Both,All,Global,NA,NA,NA,NA,NA,Generated KPI for SupplyChain,MiningAnalytics Framework,NA,NA,NA,NA
KPI_SC_008,SupplyChain Metric 8,SupplyChain,Integration,Both,All,Global,NA,NA,NA,NA,NA,Generated KPI for SupplyChain,MiningAnalytics Framework,NA,NA,NA,NA
KPI_SC_009,SupplyChain Metric 9,SupplyChain,Integration,Both,All,Global,NA,NA,NA,NA,NA,Generated KPI for SupplyChain,MiningAnalytics Framework,NA,NA,NA,NA
KPI_SC_010,SupplyChain Metric 10,SupplyChain,Integration,Both,All,Global,NA,NA,NA,NA,NA,Generated KPI for SupplyChain,MiningAnalytics Framework,NA,NA,NA,NA
KPI_SC_011,SupplyChain Metric 11,SupplyChain,Integration,Both,All,Global,NA,NA,NA,NA,NA,Generated KPI for SupplyChain,MiningAnalytics Framework,NA,NA,NA,NA
KPI_SC_012,SupplyChain Metric 12,SupplyChain,Integration,Both,All,Global,NA,NA,NA,NA,NA,Generated KPI for SupplyChain,MiningAnalytics Framework,NA,NA,NA,NA
KPI_SC_013,SupplyChain Metric 13,SupplyChain,Integration,Both,All,Global,NA,NA,NA,NA,NA,Generated KPI for SupplyChain,MiningAnalytics Framework,NA,NA,NA,NA
KPI_SC_014,SupplyChain Metric 14,SupplyChain,Integration,Both,All,Global,NA,NA,NA,NA,NA,Generated KPI for SupplyChain,MiningAnalytics Framework,NA,NA,NA,NA
KPI_SC_015,SupplyChain Metric 15,SupplyChain,Integration,Both,All,Global,NA,NA,NA,NA,NA,Generated KPI for SupplyChain,MiningAnalytics Framework,NA,NA,NA,NA
KPI_SC_016,SupplyChain Metric 16,SupplyChain,Integration,Both,All,Global,NA,NA,NA,NA,NA,Generated KPI for SupplyChain,MiningAnalytics Framework,NA,NA,NA,NA
KPI_SC_017,SupplyChain Metric 17,SupplyChain,Integration,Both,All,Global,NA,NA,NA,NA,NA,Generated KPI for SupplyChain,MiningAnalytics Framework,NA,NA,NA,NA
KPI_SC_018,SupplyChain Metric 18,SupplyChain,Integration,Both,All,Global,NA,NA,NA,NA,NA,Generated KPI for SupplyChain,MiningAnalytics Framework,NA,NA,NA,NA
KPI_SC_019,SupplyChain Metric 19,SupplyChain,Integration,Both,All,Global,NA,NA,NA,NA,NA,Generated KPI for SupplyChain,MiningAnalytics Framework,NA,NA,NA,NA
KPI_SC_020,SupplyChain Metric 20,SupplyChain,Integration,Both,All,Global,NA,NA,NA,NA,NA,Generated KPI for SupplyChain,MiningAnalytics Framework,NA,NA,NA,NA
